test_id,PM2.5,PM10,O3
aotizhongxin_aq#0,67.93,131.70,21.83
aotizhongxin_aq#1,67.00,134.12,28.46
aotizhongxin_aq#2,66.91,135.37,42.00
aotizhongxin_aq#3,66.75,134.91,57.66
aotizhongxin_aq#4,66.28,135.33,73.79
aotizhongxin_aq#5,68.51,133.33,90.89
aotizhongxin_aq#6,69.26,133.69,104.11
aotizhongxin_aq#7,70.70,133.94,114.62
aotizhongxin_aq#8,73.01,135.93,122.09
aotizhongxin_aq#9,74.74,141.30,124.33
aotizhongxin_aq#10,79.83,145.60,121.20
aotizhongxin_aq#11,86.82,153.48,112.70
aotizhongxin_aq#12,88.87,157.63,105.30
aotizhongxin_aq#13,90.07,163.34,94.94
aotizhongxin_aq#14,92.04,163.07,82.81
aotizhongxin_aq#15,95.00,161.74,70.55
aotizhongxin_aq#16,96.56,159.84,58.43
aotizhongxin_aq#17,99.01,155.36,48.74
aotizhongxin_aq#18,100.55,150.85,43.14
aotizhongxin_aq#19,101.90,147.26,35.30
aotizhongxin_aq#20,102.84,150.35,30.91
aotizhongxin_aq#21,103.70,148.80,27.83
aotizhongxin_aq#22,103.46,148.23,28.05
aotizhongxin_aq#23,102.16,151.43,27.33
aotizhongxin_aq#24,98.04,153.12,29.93
aotizhongxin_aq#25,95.69,153.58,35.59
aotizhongxin_aq#26,92.70,157.01,47.42
aotizhongxin_aq#27,90.63,158.17,63.68
aotizhongxin_aq#28,87.95,154.93,81.49
aotizhongxin_aq#29,86.56,151.78,98.64
aotizhongxin_aq#30,82.93,152.44,111.36
aotizhongxin_aq#31,80.88,153.76,122.24
aotizhongxin_aq#32,78.24,156.15,129.96
aotizhongxin_aq#33,75.40,155.80,131.78
aotizhongxin_aq#34,72.97,157.77,128.07
aotizhongxin_aq#35,70.32,159.77,119.66
aotizhongxin_aq#36,69.35,162.69,109.28
aotizhongxin_aq#37,69.74,164.92,98.63
aotizhongxin_aq#38,69.56,163.79,86.41
aotizhongxin_aq#39,69.77,163.13,76.20
aotizhongxin_aq#40,71.01,158.75,68.21
aotizhongxin_aq#41,70.59,150.84,60.14
aotizhongxin_aq#42,70.39,147.43,51.20
aotizhongxin_aq#43,69.03,142.38,44.28
aotizhongxin_aq#44,69.50,140.48,38.52
aotizhongxin_aq#45,67.92,143.31,35.07
aotizhongxin_aq#46,67.91,141.99,34.17
aotizhongxin_aq#47,66.94,141.87,33.28
badaling_aq#0,40.32,149.09,36.98
badaling_aq#1,40.24,150.38,42.32
badaling_aq#2,40.74,150.28,54.63
badaling_aq#3,41.31,146.35,68.19
badaling_aq#4,41.71,145.77,83.92
badaling_aq#5,44.04,143.02,101.04
badaling_aq#6,45.32,142.42,113.09
badaling_aq#7,47.43,139.94,120.86
badaling_aq#8,50.38,140.76,126.32
badaling_aq#9,53.04,145.50,128.85
badaling_aq#10,60.11,148.27,126.44
badaling_aq#11,67.51,153.46,119.30
badaling_aq#12,69.13,158.60,114.07
badaling_aq#13,69.91,161.82,106.10
badaling_aq#14,70.93,160.29,96.55
badaling_aq#15,72.38,158.78,86.08
badaling_aq#16,72.60,155.91,75.09
badaling_aq#17,73.28,148.80,66.90
badaling_aq#18,73.72,142.25,61.86
badaling_aq#19,73.68,137.27,54.48
badaling_aq#20,72.64,138.55,50.08
badaling_aq#21,71.77,135.81,47.43
badaling_aq#22,69.88,134.96,47.88
badaling_aq#23,67.28,136.37,47.20
badaling_aq#24,63.09,137.95,48.82
badaling_aq#25,60.23,138.22,54.05
badaling_aq#26,57.49,139.17,65.08
badaling_aq#27,55.27,138.40,79.86
badaling_aq#28,53.01,134.21,96.67
badaling_aq#29,52.14,129.77,114.08
badaling_aq#30,50.09,129.06,125.60
badaling_aq#31,48.52,129.17,133.75
badaling_aq#32,47.08,130.75,138.35
badaling_aq#33,45.54,131.18,138.68
badaling_aq#34,44.14,133.42,134.45
badaling_aq#35,43.11,136.09,126.24
badaling_aq#36,42.82,139.24,116.95
badaling_aq#37,43.81,142.80,107.65
badaling_aq#38,43.84,142.26,97.07
badaling_aq#39,43.95,141.17,87.83
badaling_aq#40,45.10,137.74,80.26
badaling_aq#41,45.14,130.25,73.30
badaling_aq#42,45.24,127.52,65.66
badaling_aq#43,44.28,121.98,60.71
badaling_aq#44,45.03,118.82,56.20
badaling_aq#45,44.51,121.65,53.68
badaling_aq#46,45.43,120.15,52.65
badaling_aq#47,45.33,120.79,51.16
beibuxinqu_aq#0,42.99,150.89,25.82
beibuxinqu_aq#1,43.07,151.97,33.24
beibuxinqu_aq#2,43.87,151.78,47.43
beibuxinqu_aq#3,44.91,148.84,63.34
beibuxinqu_aq#4,45.68,147.91,79.65
beibuxinqu_aq#5,48.41,144.82,96.86
beibuxinqu_aq#6,50.36,144.36,109.89
beibuxinqu_aq#7,52.91,142.97,119.62
beibuxinqu_aq#8,56.74,144.14,126.42
beibuxinqu_aq#9,59.94,149.27,128.09
beibuxinqu_aq#10,67.55,152.87,124.55
beibuxinqu_aq#11,76.06,159.91,115.75
beibuxinqu_aq#12,78.18,164.52,107.89
beibuxinqu_aq#13,79.15,168.99,97.31
beibuxinqu_aq#14,80.73,168.13,84.95
beibuxinqu_aq#15,83.06,165.93,72.32
beibuxinqu_aq#16,83.68,162.94,60.12
beibuxinqu_aq#17,85.25,156.00,50.46
beibuxinqu_aq#18,85.89,149.66,44.75
beibuxinqu_aq#19,86.33,144.08,36.88
beibuxinqu_aq#20,86.19,145.33,32.38
beibuxinqu_aq#21,86.03,142.17,29.45
beibuxinqu_aq#22,84.90,140.61,30.10
beibuxinqu_aq#23,82.89,142.34,30.02
beibuxinqu_aq#24,79.11,143.19,33.12
beibuxinqu_aq#25,76.82,142.97,39.31
beibuxinqu_aq#26,74.25,144.83,51.44
beibuxinqu_aq#27,72.08,144.66,67.92
beibuxinqu_aq#28,69.73,139.76,85.80
beibuxinqu_aq#29,68.46,135.61,103.18
beibuxinqu_aq#30,65.73,135.52,115.83
beibuxinqu_aq#31,63.89,136.05,126.25
beibuxinqu_aq#32,61.96,138.23,133.27
beibuxinqu_aq#33,60.06,138.30,134.49
beibuxinqu_aq#34,58.23,140.45,130.43
beibuxinqu_aq#35,56.33,142.96,121.69
beibuxinqu_aq#36,55.55,146.74,110.99
beibuxinqu_aq#37,55.65,149.67,100.06
beibuxinqu_aq#38,55.36,149.27,87.67
beibuxinqu_aq#39,55.17,148.79,77.33
beibuxinqu_aq#40,56.09,144.53,69.27
beibuxinqu_aq#41,55.77,136.78,61.25
beibuxinqu_aq#42,55.47,133.48,52.25
beibuxinqu_aq#43,54.13,127.40,45.30
beibuxinqu_aq#44,54.30,124.72,39.62
beibuxinqu_aq#45,53.31,127.35,36.40
beibuxinqu_aq#46,53.61,125.65,35.93
beibuxinqu_aq#47,52.98,125.49,35.59
daxing_aq#0,73.97,176.19,36.25
daxing_aq#1,73.25,176.40,44.59
daxing_aq#2,73.23,176.04,59.34
daxing_aq#3,73.28,173.62,77.42
daxing_aq#4,72.55,173.73,94.19
daxing_aq#5,74.28,169.85,111.63
daxing_aq#6,74.90,168.25,126.83
daxing_aq#7,75.61,164.41,137.47
daxing_aq#8,77.44,163.95,145.66
daxing_aq#9,78.28,168.26,146.65
daxing_aq#10,80.88,171.22,139.35
daxing_aq#11,85.95,177.97,127.34
daxing_aq#12,87.76,182.50,117.55
daxing_aq#13,88.64,188.11,105.97
daxing_aq#14,90.47,186.58,92.91
daxing_aq#15,93.37,187.17,80.27
daxing_aq#16,95.06,185.90,67.85
daxing_aq#17,97.69,182.06,57.73
daxing_aq#18,98.74,176.23,53.44
daxing_aq#19,100.16,173.03,48.35
daxing_aq#20,101.72,175.82,44.28
daxing_aq#21,103.02,176.48,40.61
daxing_aq#22,103.35,176.19,40.83
daxing_aq#23,102.56,180.79,41.35
daxing_aq#24,99.68,183.04,44.21
daxing_aq#25,98.50,184.51,50.44
daxing_aq#26,96.51,186.78,62.42
daxing_aq#27,94.75,187.06,79.18
daxing_aq#28,93.15,185.24,98.78
daxing_aq#29,92.16,180.49,115.72
daxing_aq#30,89.17,177.93,129.39
daxing_aq#31,88.04,180.54,140.32
daxing_aq#32,86.72,180.98,148.59
daxing_aq#33,85.16,180.85,149.22
daxing_aq#34,83.63,183.38,142.82
daxing_aq#35,81.43,186.45,131.35
daxing_aq#36,80.96,189.18,117.87
daxing_aq#37,80.72,194.58,105.52
daxing_aq#38,80.47,194.35,92.25
daxing_aq#39,80.65,194.23,81.68
daxing_aq#40,82.06,192.76,73.61
daxing_aq#41,81.62,184.10,66.11
daxing_aq#42,81.39,181.23,56.65
daxing_aq#43,80.41,176.70,50.65
daxing_aq#44,80.62,172.66,44.78
daxing_aq#45,78.57,175.59,40.97
daxing_aq#46,78.13,174.41,40.22
daxing_aq#47,76.78,174.79,41.69
dingling_aq#0,101.87,125.91,53.35
dingling_aq#1,101.18,127.23,61.92
dingling_aq#2,101.37,127.20,76.96
dingling_aq#3,100.84,123.59,92.20
dingling_aq#4,100.14,122.25,108.02
dingling_aq#5,102.09,119.85,124.76
dingling_aq#6,102.55,119.06,137.46
dingling_aq#7,103.75,117.99,144.79
dingling_aq#8,105.43,119.48,150.55
dingling_aq#9,107.03,123.17,151.27
dingling_aq#10,112.01,126.22,147.29
dingling_aq#11,118.18,130.57,138.70
dingling_aq#12,119.02,134.14,129.80
dingling_aq#13,119.17,135.85,119.26
dingling_aq#14,119.75,134.04,106.89
dingling_aq#15,120.16,130.88,93.71
dingling_aq#16,119.38,127.83,81.77
dingling_aq#17,119.68,121.18,72.98
dingling_aq#18,118.10,115.97,67.60
dingling_aq#19,114.15,111.94,60.70
dingling_aq#20,111.02,114.13,55.63
dingling_aq#21,110.18,112.13,52.63
dingling_aq#22,108.55,112.11,53.91
dingling_aq#23,106.37,114.04,54.77
dingling_aq#24,101.60,115.44,57.88
dingling_aq#25,98.43,114.88,64.67
dingling_aq#26,95.09,115.80,76.67
dingling_aq#27,92.30,115.04,92.40
dingling_aq#28,88.78,110.46,108.92
dingling_aq#29,87.03,106.86,126.34
dingling_aq#30,82.01,106.37,138.23
dingling_aq#31,79.10,106.63,147.59
dingling_aq#32,75.74,108.41,152.84
dingling_aq#33,71.83,109.25,153.31
dingling_aq#34,68.69,111.52,148.61
dingling_aq#35,65.12,113.41,139.73
dingling_aq#36,63.54,116.08,129.06
dingling_aq#37,63.15,117.64,117.61
dingling_aq#38,62.50,116.31,105.62
dingling_aq#39,62.26,114.36,95.75
dingling_aq#40,62.88,110.42,87.86
dingling_aq#41,61.86,103.99,81.35
dingling_aq#42,61.20,101.58,73.00
dingling_aq#43,59.84,97.18,66.40
dingling_aq#44,60.77,95.57,61.67
dingling_aq#45,58.63,99.32,58.38
dingling_aq#46,58.58,99.22,58.30
dingling_aq#47,57.61,100.12,58.48
donggaocun_aq#0,70.95,107.10,46.04
donggaocun_aq#1,70.05,110.67,53.09
donggaocun_aq#2,70.27,112.95,66.61
donggaocun_aq#3,70.57,113.18,81.54
donggaocun_aq#4,70.40,114.05,97.25
donggaocun_aq#5,73.35,113.64,114.00
donggaocun_aq#6,74.84,115.05,127.31
donggaocun_aq#7,76.98,116.90,135.66
donggaocun_aq#8,80.49,120.67,141.80
donggaocun_aq#9,83.45,126.39,143.50
donggaocun_aq#10,90.59,131.96,139.89
donggaocun_aq#11,100.04,139.81,130.83
donggaocun_aq#12,102.32,144.88,123.47
donggaocun_aq#13,103.52,150.14,113.96
donggaocun_aq#14,105.95,150.21,102.63
donggaocun_aq#15,109.50,148.48,90.87
donggaocun_aq#16,111.62,146.34,79.00
donggaocun_aq#17,114.76,141.28,70.15
donggaocun_aq#18,116.40,137.32,65.22
donggaocun_aq#19,118.11,133.41,58.93
donggaocun_aq#20,119.69,136.25,54.62
donggaocun_aq#21,121.20,133.85,51.77
donggaocun_aq#22,121.55,132.81,52.01
donggaocun_aq#23,120.73,135.21,51.65
donggaocun_aq#24,116.46,136.13,54.07
donggaocun_aq#25,114.24,135.68,60.03
donggaocun_aq#26,111.14,138.35,71.67
donggaocun_aq#27,108.80,138.74,87.02
donggaocun_aq#28,105.84,134.61,104.17
donggaocun_aq#29,104.09,131.97,121.65
donggaocun_aq#30,99.63,132.36,133.47
donggaocun_aq#31,97.34,132.83,143.53
donggaocun_aq#32,94.59,135.49,149.31
donggaocun_aq#33,91.67,135.91,150.60
donggaocun_aq#34,88.86,138.08,146.06
donggaocun_aq#35,85.54,139.84,136.96
donggaocun_aq#36,84.36,143.03,126.48
donggaocun_aq#37,84.10,144.22,115.77
donggaocun_aq#38,83.53,143.23,103.84
donggaocun_aq#39,83.62,141.98,93.66
donggaocun_aq#40,84.74,137.54,85.88
donggaocun_aq#41,83.81,130.45,78.79
donggaocun_aq#42,83.33,127.14,70.71
donggaocun_aq#43,81.53,122.44,65.28
donggaocun_aq#44,81.59,121.12,60.99
donggaocun_aq#45,79.25,123.77,57.94
donggaocun_aq#46,78.41,123.18,57.95
donggaocun_aq#47,77.06,123.60,57.62
dongsi_aq#0,78.05,169.86,18.48
dongsi_aq#1,76.84,170.09,24.50
dongsi_aq#2,76.40,169.59,37.59
dongsi_aq#3,75.75,167.21,52.97
dongsi_aq#4,74.69,166.22,68.82
dongsi_aq#5,76.43,161.84,85.63
dongsi_aq#6,76.48,160.95,98.81
dongsi_aq#7,77.23,159.72,109.62
dongsi_aq#8,78.64,160.34,117.40
dongsi_aq#9,79.39,165.51,119.78
dongsi_aq#10,82.65,168.52,116.49
dongsi_aq#11,88.10,176.61,107.73
dongsi_aq#12,89.92,179.87,100.48
dongsi_aq#13,91.14,185.71,90.38
dongsi_aq#14,92.95,184.50,78.71
dongsi_aq#15,95.80,182.11,67.13
dongsi_aq#16,97.48,178.79,55.55
dongsi_aq#17,99.94,173.24,46.23
dongsi_aq#18,101.61,167.93,41.00
dongsi_aq#19,103.07,163.46,33.43
dongsi_aq#20,104.10,166.53,29.05
dongsi_aq#21,105.11,164.56,25.73
dongsi_aq#22,104.93,163.56,25.63
dongsi_aq#23,103.61,166.93,24.45
dongsi_aq#24,99.44,168.34,26.69
dongsi_aq#25,97.15,168.81,31.96
dongsi_aq#26,94.10,171.61,43.53
dongsi_aq#27,92.18,172.50,59.61
dongsi_aq#28,89.57,167.84,77.19
dongsi_aq#29,88.26,163.53,93.94
dongsi_aq#30,84.64,164.30,106.53
dongsi_aq#31,82.66,165.56,117.54
dongsi_aq#32,80.12,168.42,125.63
dongsi_aq#33,77.20,167.73,127.71
dongsi_aq#34,74.82,169.29,123.96
dongsi_aq#35,72.24,171.21,115.43
dongsi_aq#36,71.34,174.19,105.13
dongsi_aq#37,71.95,176.97,94.76
dongsi_aq#38,71.89,176.53,82.93
dongsi_aq#39,72.31,176.44,73.17
dongsi_aq#40,73.65,171.65,65.66
dongsi_aq#41,73.33,163.01,58.02
dongsi_aq#42,73.29,159.33,49.36
dongsi_aq#43,71.99,153.80,42.59
dongsi_aq#44,72.73,152.63,36.87
dongsi_aq#45,71.06,155.49,33.31
dongsi_aq#46,71.15,154.05,32.15
dongsi_aq#47,70.27,154.07,31.02
dongsihuan_aq#0,66.03,162.88,19.07
dongsihuan_aq#1,65.17,162.88,25.53
dongsihuan_aq#2,65.12,162.30,39.25
dongsihuan_aq#3,65.01,160.31,55.40
dongsihuan_aq#4,64.50,159.99,71.92
dongsihuan_aq#5,66.54,156.74,89.15
dongsihuan_aq#6,67.16,156.06,102.96
dongsihuan_aq#7,68.44,155.45,114.35
dongsihuan_aq#8,70.60,156.36,122.44
dongsihuan_aq#9,72.12,161.50,124.77
dongsihuan_aq#10,76.77,164.49,121.46
dongsihuan_aq#11,83.27,171.87,112.61
dongsihuan_aq#12,85.05,175.62,105.17
dongsihuan_aq#13,86.04,181.29,94.62
dongsihuan_aq#14,87.79,181.29,82.07
dongsihuan_aq#15,90.46,178.93,69.46
dongsihuan_aq#16,91.97,176.52,56.98
dongsihuan_aq#17,94.18,171.94,46.87
dongsihuan_aq#18,95.61,168.26,41.04
dongsihuan_aq#19,96.87,163.94,33.13
dongsihuan_aq#20,97.81,166.30,28.74
dongsihuan_aq#21,98.72,163.28,25.57
dongsihuan_aq#22,98.69,160.90,25.81
dongsihuan_aq#23,97.64,163.32,24.86
dongsihuan_aq#24,94.04,163.79,27.51
dongsihuan_aq#25,92.14,163.70,33.18
dongsihuan_aq#26,89.57,166.55,45.38
dongsihuan_aq#27,87.85,167.69,62.32
dongsihuan_aq#28,85.71,163.69,80.54
dongsihuan_aq#29,84.71,160.96,97.78
dongsihuan_aq#30,81.71,162.39,110.95
dongsihuan_aq#31,80.11,163.90,122.53
dongsihuan_aq#32,78.12,167.29,130.99
dongsihuan_aq#33,75.92,167.15,133.03
dongsihuan_aq#34,73.95,168.28,129.24
dongsihuan_aq#35,71.81,169.88,120.61
dongsihuan_aq#36,71.15,173.49,110.04
dongsihuan_aq#37,71.68,176.13,99.20
dongsihuan_aq#38,71.62,176.60,86.52
dongsihuan_aq#39,71.91,177.51,75.92
dongsihuan_aq#40,73.25,173.95,67.65
dongsihuan_aq#41,72.88,166.26,59.21
dongsihuan_aq#42,72.78,163.70,49.88
dongsihuan_aq#43,71.52,158.46,42.64
dongsihuan_aq#44,72.00,157.23,36.68
dongsihuan_aq#45,70.47,158.38,33.13
dongsihuan_aq#46,70.53,155.90,32.09
dongsihuan_aq#47,69.67,155.56,31.08
fangshan_aq#0,68.77,136.30,37.15
fangshan_aq#1,68.06,138.43,45.46
fangshan_aq#2,68.08,139.72,60.00
fangshan_aq#3,68.16,138.89,78.06
fangshan_aq#4,67.54,140.31,95.13
fangshan_aq#5,69.33,139.03,112.61
fangshan_aq#6,69.98,139.08,127.78
fangshan_aq#7,70.84,137.29,138.31
fangshan_aq#8,72.80,138.76,146.59
fangshan_aq#9,73.82,143.30,147.78
fangshan_aq#10,76.95,147.19,140.73
fangshan_aq#11,82.35,153.44,128.83
fangshan_aq#12,84.10,158.69,119.01
fangshan_aq#13,84.93,163.96,107.20
fangshan_aq#14,86.74,163.15,94.17
fangshan_aq#15,89.54,164.34,81.27
fangshan_aq#16,91.18,163.83,68.80
fangshan_aq#17,93.60,160.70,58.79
fangshan_aq#18,94.66,156.20,54.23
fangshan_aq#19,95.98,153.67,49.17
fangshan_aq#20,97.37,156.51,45.13
fangshan_aq#21,98.60,156.62,41.48
fangshan_aq#22,98.92,156.14,41.75
fangshan_aq#23,98.24,159.66,42.23
fangshan_aq#24,95.51,161.59,45.14
fangshan_aq#25,94.37,162.60,51.33
fangshan_aq#26,92.49,165.05,63.15
fangshan_aq#27,90.96,165.37,79.91
fangshan_aq#28,89.56,164.32,99.50
fangshan_aq#29,88.83,160.98,116.82
fangshan_aq#30,86.27,159.38,130.50
fangshan_aq#31,85.33,161.60,141.26
fangshan_aq#32,84.26,162.60,149.54
fangshan_aq#33,82.96,163.11,150.29
fangshan_aq#34,81.65,165.91,144.14
fangshan_aq#35,79.76,168.77,132.82
fangshan_aq#36,79.48,171.59,119.33
fangshan_aq#37,79.48,176.12,106.85
fangshan_aq#38,79.29,175.83,93.31
fangshan_aq#39,79.47,175.47,82.61
fangshan_aq#40,80.86,174.37,74.65
fangshan_aq#41,80.38,167.20,67.17
fangshan_aq#42,80.09,164.83,57.55
fangshan_aq#43,79.05,161.04,51.44
fangshan_aq#44,79.20,157.38,45.37
fangshan_aq#45,77.29,159.87,41.66
fangshan_aq#46,76.96,158.70,40.85
fangshan_aq#47,75.70,159.14,42.57
fengtaihuayuan_aq#0,83.23,174.24,18.29
fengtaihuayuan_aq#1,82.17,174.13,25.04
fengtaihuayuan_aq#2,81.90,173.34,39.08
fengtaihuayuan_aq#3,81.21,170.87,55.80
fengtaihuayuan_aq#4,80.45,170.55,72.98
fengtaihuayuan_aq#5,82.38,166.91,90.95
fengtaihuayuan_aq#6,82.62,166.18,105.61
fengtaihuayuan_aq#7,83.70,165.17,117.61
fengtaihuayuan_aq#8,85.36,165.87,125.95
fengtaihuayuan_aq#9,86.47,171.76,128.08
fengtaihuayuan_aq#10,90.51,174.84,124.04
fengtaihuayuan_aq#11,96.51,182.37,114.06
fengtaihuayuan_aq#12,98.33,186.32,105.92
fengtaihuayuan_aq#13,99.52,191.66,94.81
fengtaihuayuan_aq#14,101.32,190.94,81.33
fengtaihuayuan_aq#15,103.90,188.18,67.87
fengtaihuayuan_aq#16,105.19,185.13,54.59
fengtaihuayuan_aq#17,107.47,179.65,43.83
fengtaihuayuan_aq#18,108.84,174.99,38.05
fengtaihuayuan_aq#19,109.20,170.12,30.30
fengtaihuayuan_aq#20,109.57,172.27,26.07
fengtaihuayuan_aq#21,110.52,169.20,23.22
fengtaihuayuan_aq#22,110.51,167.02,24.06
fengtaihuayuan_aq#23,109.45,169.50,23.74
fengtaihuayuan_aq#24,105.35,170.06,26.96
fengtaihuayuan_aq#25,103.02,170.06,32.90
fengtaihuayuan_aq#26,99.95,172.40,45.40
fengtaihuayuan_aq#27,97.91,173.33,62.88
fengtaihuayuan_aq#28,94.87,168.91,81.77
fengtaihuayuan_aq#29,93.20,165.56,99.59
fengtaihuayuan_aq#30,88.84,166.64,113.49
fengtaihuayuan_aq#31,86.22,168.06,125.85
fengtaihuayuan_aq#32,82.58,171.24,134.67
fengtaihuayuan_aq#33,78.60,171.13,136.58
fengtaihuayuan_aq#34,75.45,172.32,132.24
fengtaihuayuan_aq#35,72.10,174.04,122.59
fengtaihuayuan_aq#36,70.56,177.23,111.26
fengtaihuayuan_aq#37,70.80,179.81,99.89
fengtaihuayuan_aq#38,70.66,179.65,86.06
fengtaihuayuan_aq#39,70.85,179.94,74.67
fengtaihuayuan_aq#40,71.88,175.73,65.73
fengtaihuayuan_aq#41,71.39,167.17,56.54
fengtaihuayuan_aq#42,71.19,164.16,46.90
fengtaihuayuan_aq#43,69.77,158.51,39.64
fengtaihuayuan_aq#44,70.51,156.90,33.87
fengtaihuayuan_aq#45,68.88,158.46,30.66
fengtaihuayuan_aq#46,68.88,156.12,30.03
fengtaihuayuan_aq#47,67.96,155.92,29.51
guanyuan_aq#0,77.88,162.47,19.83
guanyuan_aq#1,76.63,163.24,26.34
guanyuan_aq#2,76.15,163.14,40.11
guanyuan_aq#3,75.42,161.13,56.40
guanyuan_aq#4,74.44,160.41,73.48
guanyuan_aq#5,76.27,156.57,91.44
guanyuan_aq#6,76.43,155.93,105.85
guanyuan_aq#7,77.28,154.90,117.61
guanyuan_aq#8,78.78,155.75,125.88
guanyuan_aq#9,79.70,160.92,128.40
guanyuan_aq#10,83.36,164.04,124.98
guanyuan_aq#11,89.21,171.87,115.75
guanyuan_aq#12,91.21,175.18,108.14
guanyuan_aq#13,92.61,180.62,97.29
guanyuan_aq#14,94.66,179.29,84.05
guanyuan_aq#15,97.74,176.89,70.62
guanyuan_aq#16,99.61,173.57,57.33
guanyuan_aq#17,102.39,167.76,46.67
guanyuan_aq#18,104.37,162.29,40.75
guanyuan_aq#19,106.14,157.49,32.82
guanyuan_aq#20,107.48,160.22,28.54
guanyuan_aq#21,108.79,158.02,25.71
guanyuan_aq#22,108.93,156.92,26.56
guanyuan_aq#23,107.89,159.97,26.16
guanyuan_aq#24,103.65,161.33,29.21
guanyuan_aq#25,101.27,161.70,35.06
guanyuan_aq#26,98.10,164.58,47.41
guanyuan_aq#27,95.94,165.51,64.61
guanyuan_aq#28,92.96,160.96,83.30
guanyuan_aq#29,91.27,156.92,101.21
guanyuan_aq#30,87.06,157.70,114.92
guanyuan_aq#31,84.56,158.86,126.86
guanyuan_aq#32,81.29,161.61,135.38
guanyuan_aq#33,77.62,161.09,137.30
guanyuan_aq#34,74.70,162.78,133.28
guanyuan_aq#35,71.58,164.70,124.13
guanyuan_aq#36,70.27,167.79,113.20
guanyuan_aq#37,70.68,170.41,102.00
guanyuan_aq#38,70.50,169.86,88.29
guanyuan_aq#39,70.85,169.67,76.94
guanyuan_aq#40,72.05,164.94,67.94
guanyuan_aq#41,71.64,156.63,58.78
guanyuan_aq#42,71.57,152.95,49.18
guanyuan_aq#43,70.17,147.36,42.05
guanyuan_aq#44,70.89,145.91,36.26
guanyuan_aq#45,69.22,148.83,33.15
guanyuan_aq#46,69.18,147.47,32.47
guanyuan_aq#47,68.27,147.42,31.79
gucheng_aq#0,78.88,148.00,18.39
gucheng_aq#1,77.97,149.20,24.80
gucheng_aq#2,77.87,149.45,38.42
gucheng_aq#3,77.40,147.98,54.61
gucheng_aq#4,76.87,148.07,71.33
gucheng_aq#5,78.99,145.78,88.86
gucheng_aq#6,79.48,145.76,102.87
gucheng_aq#7,80.84,145.77,114.29
gucheng_aq#8,82.86,147.49,122.32
gucheng_aq#9,84.38,153.06,124.56
gucheng_aq#10,89.18,156.92,120.98
gucheng_aq#11,95.78,164.26,111.70
gucheng_aq#12,97.61,168.29,104.05
gucheng_aq#13,98.74,173.13,93.43
gucheng_aq#14,100.52,172.64,80.69
gucheng_aq#15,103.02,169.98,67.95
gucheng_aq#16,104.24,167.43,55.33
gucheng_aq#17,106.41,162.09,45.12
gucheng_aq#18,107.68,157.72,39.42
gucheng_aq#19,107.95,153.16,31.66
gucheng_aq#20,108.21,155.42,27.36
gucheng_aq#21,109.03,152.68,24.35
gucheng_aq#22,108.93,150.89,24.86
gucheng_aq#23,107.77,153.36,24.25
gucheng_aq#24,103.69,154.17,27.11
gucheng_aq#25,101.34,153.97,32.79
gucheng_aq#26,98.32,156.77,44.84
gucheng_aq#27,96.23,157.66,61.75
gucheng_aq#28,93.24,153.77,80.14
gucheng_aq#29,91.60,151.12,97.56
gucheng_aq#30,87.36,152.10,110.88
gucheng_aq#31,84.82,153.60,122.57
gucheng_aq#32,81.33,156.60,130.98
gucheng_aq#33,77.57,156.82,132.92
gucheng_aq#34,74.53,158.42,128.93
gucheng_aq#35,71.33,160.09,119.90
gucheng_aq#36,69.86,163.41,109.08
gucheng_aq#37,70.08,165.36,98.16
gucheng_aq#38,69.95,164.65,85.11
gucheng_aq#39,70.11,164.37,74.28
gucheng_aq#40,71.14,160.21,65.88
gucheng_aq#41,70.67,152.24,57.26
gucheng_aq#42,70.48,149.32,47.97
gucheng_aq#43,69.08,143.94,40.84
gucheng_aq#44,69.76,142.11,35.01
gucheng_aq#45,68.17,144.14,31.65
gucheng_aq#46,68.18,142.30,30.86
gucheng_aq#47,67.30,142.07,30.19
huairou_aq#0,42.41,89.88,63.08
huairou_aq#1,42.97,93.33,70.14
huairou_aq#2,44.10,95.58,82.52
huairou_aq#3,45.67,94.99,97.09
huairou_aq#4,46.55,97.08,112.91
huairou_aq#5,49.03,96.71,130.14
huairou_aq#6,51.29,96.97,143.29
huairou_aq#7,53.46,96.62,150.01
huairou_aq#8,57.16,99.29,156.09
huairou_aq#9,59.97,104.04,159.20
huairou_aq#10,65.76,109.55,155.31
huairou_aq#11,72.66,116.04,148.21
huairou_aq#12,74.52,121.07,142.78
huairou_aq#13,74.92,125.70,133.99
huairou_aq#14,76.05,125.22,124.07
huairou_aq#15,78.03,125.21,112.73
huairou_aq#16,78.33,124.48,101.08
huairou_aq#17,79.64,120.59,93.09
huairou_aq#18,79.40,115.43,88.83
huairou_aq#19,79.49,112.78,84.15
huairou_aq#20,79.50,115.42,80.02
huairou_aq#21,78.97,116.40,76.58
huairou_aq#22,77.66,117.30,76.77
huairou_aq#23,75.49,121.89,77.15
huairou_aq#24,72.51,125.45,78.64
huairou_aq#25,70.98,127.60,84.42
huairou_aq#26,69.32,131.18,94.74
huairou_aq#27,67.23,131.79,108.40
huairou_aq#28,65.85,131.75,126.33
huairou_aq#29,65.07,129.04,144.08
huairou_aq#30,63.14,127.65,155.69
huairou_aq#31,62.44,130.81,161.71
huairou_aq#32,61.96,132.46,165.55
huairou_aq#33,61.74,134.60,164.68
huairou_aq#34,61.02,137.70,159.37
huairou_aq#35,59.79,140.89,150.51
huairou_aq#36,59.63,144.63,139.58
huairou_aq#37,59.17,148.08,128.69
huairou_aq#38,59.03,146.98,116.92
huairou_aq#39,58.97,145.14,107.05
huairou_aq#40,60.40,143.03,99.36
huairou_aq#41,60.66,135.28,93.26
huairou_aq#42,60.71,133.44,85.13
huairou_aq#43,60.34,129.35,81.92
huairou_aq#44,60.53,125.51,76.62
huairou_aq#45,59.55,128.71,73.92
huairou_aq#46,59.65,128.49,72.90
huairou_aq#47,58.61,129.90,73.92
liulihe_aq#0,74.22,172.52,13.41
liulihe_aq#1,73.65,174.20,20.71
liulihe_aq#2,73.87,175.32,35.36
liulihe_aq#3,73.86,175.74,53.62
liulihe_aq#4,73.51,177.43,71.30
liulihe_aq#5,75.87,174.86,89.10
liulihe_aq#6,76.37,175.35,103.66
liulihe_aq#7,78.00,176.08,115.38
liulihe_aq#8,80.67,178.06,123.19
liulihe_aq#9,82.44,185.90,123.86
liulihe_aq#10,87.56,190.58,117.89
liulihe_aq#11,94.48,200.69,105.65
liulihe_aq#12,96.23,206.08,95.63
liulihe_aq#13,97.35,214.15,83.90
liulihe_aq#14,98.95,214.55,70.89
liulihe_aq#15,101.43,212.42,58.54
liulihe_aq#16,102.95,209.35,46.16
liulihe_aq#17,105.05,204.63,37.35
liulihe_aq#18,106.59,200.69,33.10
liulihe_aq#19,107.16,195.59,26.67
liulihe_aq#20,107.53,198.38,23.24
liulihe_aq#21,108.39,195.06,20.77
liulihe_aq#22,108.16,192.36,21.25
liulihe_aq#23,106.58,195.87,21.19
liulihe_aq#24,102.90,196.88,24.73
liulihe_aq#25,101.05,197.83,30.96
liulihe_aq#26,98.39,201.75,43.98
liulihe_aq#27,96.82,204.01,62.39
liulihe_aq#28,94.61,200.08,82.46
liulihe_aq#29,93.52,197.40,99.92
liulihe_aq#30,90.38,199.18,113.67
liulihe_aq#31,88.84,200.63,126.08
liulihe_aq#32,86.53,204.54,135.17
liulihe_aq#33,84.14,204.15,136.33
liulihe_aq#34,81.93,205.03,130.74
liulihe_aq#35,79.81,206.55,119.51
liulihe_aq#36,79.01,209.87,106.41
liulihe_aq#37,79.68,212.31,94.40
liulihe_aq#38,80.05,212.32,81.35
liulihe_aq#39,80.45,212.87,70.43
liulihe_aq#40,81.70,207.91,62.01
liulihe_aq#41,81.54,197.72,53.22
liulihe_aq#42,81.75,193.59,43.55
liulihe_aq#43,80.33,187.37,36.01
liulihe_aq#44,81.06,185.99,30.40
liulihe_aq#45,79.49,186.48,26.56
liulihe_aq#46,79.58,183.90,25.98
liulihe_aq#47,79.07,184.11,25.87
mentougou_aq#0,38.42,107.69,49.15
mentougou_aq#1,39.19,111.18,58.00
mentougou_aq#2,40.42,113.33,72.90
mentougou_aq#3,42.14,112.64,91.01
mentougou_aq#4,42.88,115.54,108.22
mentougou_aq#5,44.93,115.60,125.87
mentougou_aq#6,46.50,116.40,141.01
mentougou_aq#7,48.34,115.44,150.38
mentougou_aq#8,51.76,118.47,157.83
mentougou_aq#9,53.62,125.04,158.68
mentougou_aq#10,57.48,130.66,151.61
mentougou_aq#11,62.36,137.38,140.98
mentougou_aq#12,63.84,144.02,132.24
mentougou_aq#13,64.08,148.96,121.01
mentougou_aq#14,64.71,147.45,108.34
mentougou_aq#15,66.30,148.47,95.32
mentougou_aq#16,66.38,146.99,82.75
mentougou_aq#17,66.90,142.77,72.91
mentougou_aq#18,66.54,136.94,68.05
mentougou_aq#19,66.06,133.60,63.14
mentougou_aq#20,65.50,135.53,58.97
mentougou_aq#21,64.58,135.78,55.15
mentougou_aq#22,62.87,135.82,55.45
mentougou_aq#23,60.32,139.25,56.20
mentougou_aq#24,58.50,142.14,59.03
mentougou_aq#25,57.94,144.36,65.66
mentougou_aq#26,57.15,146.88,77.71
mentougou_aq#27,56.68,147.24,94.36
mentougou_aq#28,56.99,147.53,114.34
mentougou_aq#29,57.72,144.54,132.04
mentougou_aq#30,58.33,144.00,145.75
mentougou_aq#31,59.52,147.29,155.04
mentougou_aq#32,61.11,149.86,161.80
mentougou_aq#33,63.12,152.95,161.15
mentougou_aq#34,64.19,157.29,154.70
mentougou_aq#35,64.85,161.72,143.83
mentougou_aq#36,65.95,165.76,130.57
mentougou_aq#37,66.43,170.80,118.10
mentougou_aq#38,67.07,170.42,104.78
mentougou_aq#39,67.26,169.17,93.96
mentougou_aq#40,68.87,167.79,85.75
mentougou_aq#41,69.53,160.26,78.68
mentougou_aq#42,69.69,157.92,68.98
mentougou_aq#43,69.40,153.85,63.52
mentougou_aq#44,69.54,149.68,57.09
mentougou_aq#45,68.95,152.05,53.29
mentougou_aq#46,69.65,151.20,52.10
mentougou_aq#47,68.99,152.87,54.05
miyun_aq#0,43.99,119.32,56.26
miyun_aq#1,44.32,121.83,63.12
miyun_aq#2,45.35,123.73,75.71
miyun_aq#3,46.77,122.72,90.60
miyun_aq#4,47.64,123.96,106.51
miyun_aq#5,50.37,123.00,123.80
miyun_aq#6,52.76,122.85,137.19
miyun_aq#7,55.10,121.04,144.64
miyun_aq#8,58.96,123.03,150.84
miyun_aq#9,62.16,126.56,154.15
miyun_aq#10,68.79,130.59,150.79
miyun_aq#11,76.76,136.18,142.97
miyun_aq#12,78.73,141.46,136.88
miyun_aq#13,79.23,145.92,127.84
miyun_aq#14,80.79,144.82,117.49
miyun_aq#15,83.19,145.27,106.22
miyun_aq#16,84.01,143.60,94.42
miyun_aq#17,85.87,139.07,86.18
miyun_aq#18,86.11,133.59,82.01
miyun_aq#19,86.76,130.05,76.94
miyun_aq#20,87.50,132.11,72.77
miyun_aq#21,87.67,131.91,69.62
miyun_aq#22,87.20,131.52,69.91
miyun_aq#23,85.86,135.14,70.05
miyun_aq#24,82.92,137.56,71.62
miyun_aq#25,81.49,139.06,77.37
miyun_aq#26,79.80,141.46,88.06
miyun_aq#27,77.56,141.57,102.26
miyun_aq#28,75.89,140.37,120.10
miyun_aq#29,74.84,137.13,137.65
miyun_aq#30,72.23,135.09,149.00
miyun_aq#31,71.10,136.98,156.25
miyun_aq#32,70.02,138.05,160.74
miyun_aq#33,69.14,139.42,160.92
miyun_aq#34,67.87,142.74,155.96
miyun_aq#35,66.01,145.88,146.86
miyun_aq#36,65.51,149.31,135.86
miyun_aq#37,64.84,153.83,124.85
miyun_aq#38,64.51,154.17,112.99
miyun_aq#39,64.42,153.30,102.83
miyun_aq#40,65.82,152.24,95.09
miyun_aq#41,65.77,145.50,88.40
miyun_aq#42,65.69,142.71,80.50
miyun_aq#43,65.16,138.71,76.90
miyun_aq#44,65.22,135.20,72.07
miyun_aq#45,63.94,137.54,69.57
miyun_aq#46,63.62,137.33,69.42
miyun_aq#47,62.36,138.87,69.95
miyunshuiku_aq#0,46.70,101.02,78.99
miyunshuiku_aq#1,46.71,103.68,85.96
miyunshuiku_aq#2,47.64,104.69,98.68
miyunshuiku_aq#3,48.89,102.07,111.66
miyunshuiku_aq#4,49.66,101.40,126.01
miyunshuiku_aq#5,52.67,99.78,141.85
miyunshuiku_aq#6,54.81,100.00,153.96
miyunshuiku_aq#7,57.50,99.97,158.92
miyunshuiku_aq#8,61.76,102.59,163.75
miyunshuiku_aq#9,65.27,106.88,166.75
miyunshuiku_aq#10,73.20,111.09,164.38
miyunshuiku_aq#11,82.53,116.82,156.62
miyunshuiku_aq#12,84.62,121.12,150.32
miyunshuiku_aq#13,85.38,124.38,142.47
miyunshuiku_aq#14,87.20,123.33,133.53
miyunshuiku_aq#15,89.90,121.47,123.10
miyunshuiku_aq#16,91.06,119.00,112.38
miyunshuiku_aq#17,93.06,112.90,105.71
miyunshuiku_aq#18,93.83,107.62,101.90
miyunshuiku_aq#19,94.59,104.04,97.37
miyunshuiku_aq#20,95.18,106.58,92.52
miyunshuiku_aq#21,95.65,104.89,89.72
miyunshuiku_aq#22,95.30,105.33,90.62
miyunshuiku_aq#23,93.99,107.29,90.75
miyunshuiku_aq#24,90.80,109.14,92.00
miyunshuiku_aq#25,89.21,109.09,97.70
miyunshuiku_aq#26,87.08,110.76,108.11
miyunshuiku_aq#27,85.30,110.11,120.73
miyunshuiku_aq#28,83.53,106.02,135.11
miyunshuiku_aq#29,82.65,102.23,151.92
miyunshuiku_aq#30,80.19,102.33,160.90
miyunshuiku_aq#31,79.03,102.60,167.85
miyunshuiku_aq#32,77.82,104.89,170.69
miyunshuiku_aq#33,76.76,105.83,171.75
miyunshuiku_aq#34,75.32,108.58,167.17
miyunshuiku_aq#35,73.56,111.12,158.34
miyunshuiku_aq#36,73.15,114.41,148.97
miyunshuiku_aq#37,73.08,116.37,138.98
miyunshuiku_aq#38,72.83,115.25,128.59
miyunshuiku_aq#39,72.73,113.38,119.74
miyunshuiku_aq#40,73.89,109.17,113.10
miyunshuiku_aq#41,73.37,102.94,107.88
miyunshuiku_aq#42,73.00,100.41,101.44
miyunshuiku_aq#43,71.62,95.96,97.96
miyunshuiku_aq#44,71.47,94.43,95.14
miyunshuiku_aq#45,69.94,98.34,93.15
miyunshuiku_aq#46,69.70,98.17,93.93
miyunshuiku_aq#47,68.69,99.06,93.80
nansanhuan_aq#0,79.07,178.22,16.78
nansanhuan_aq#1,77.77,178.44,23.04
nansanhuan_aq#2,77.25,178.13,36.40
nansanhuan_aq#3,76.47,176.67,52.19
nansanhuan_aq#4,75.42,176.16,68.08
nansanhuan_aq#5,77.18,171.81,84.86
nansanhuan_aq#6,77.26,170.82,98.25
nansanhuan_aq#7,78.00,169.43,109.29
nansanhuan_aq#8,79.41,169.55,117.07
nansanhuan_aq#9,80.19,174.66,119.02
nansanhuan_aq#10,83.56,177.27,115.02
nansanhuan_aq#11,89.26,185.51,105.43
nansanhuan_aq#12,91.20,188.16,97.63
nansanhuan_aq#13,92.60,194.15,87.29
nansanhuan_aq#14,94.71,192.73,75.42
nansanhuan_aq#15,97.87,190.31,63.88
nansanhuan_aq#16,99.93,186.93,52.40
nansanhuan_aq#17,102.85,181.52,43.03
nansanhuan_aq#18,104.98,176.09,38.02
nansanhuan_aq#19,106.94,170.85,30.69
nansanhuan_aq#20,108.60,173.43,26.37
nansanhuan_aq#21,110.23,171.18,23.03
nansanhuan_aq#22,110.77,169.42,22.91
nansanhuan_aq#23,110.11,172.87,21.81
nansanhuan_aq#24,106.19,174.02,24.24
nansanhuan_aq#25,104.11,174.58,29.59
nansanhuan_aq#26,101.15,178.11,41.30
nansanhuan_aq#27,99.14,179.81,57.62
nansanhuan_aq#28,96.34,175.50,75.35
nansanhuan_aq#29,94.71,171.67,91.95
nansanhuan_aq#30,90.54,172.56,104.72
nansanhuan_aq#31,88.11,174.24,116.14
nansanhuan_aq#32,84.91,176.98,124.50
nansanhuan_aq#33,81.29,176.06,126.54
nansanhuan_aq#34,78.39,177.32,122.40
nansanhuan_aq#35,75.26,178.93,113.32
nansanhuan_aq#36,73.95,182.07,102.59
nansanhuan_aq#37,74.30,184.92,92.07
nansanhuan_aq#38,74.12,184.77,80.16
nansanhuan_aq#39,74.49,185.36,70.41
nansanhuan_aq#40,75.71,180.90,63.01
nansanhuan_aq#41,75.24,172.32,55.40
nansanhuan_aq#42,75.16,168.48,46.75
nansanhuan_aq#43,73.75,162.68,39.90
nansanhuan_aq#44,74.42,161.08,34.24
nansanhuan_aq#45,72.65,163.56,30.59
nansanhuan_aq#46,72.48,161.82,29.47
nansanhuan_aq#47,71.52,161.35,28.51
nongzhanguan_aq#0,60.46,145.44,19.35
nongzhanguan_aq#1,59.88,147.35,25.96
nongzhanguan_aq#2,60.11,148.42,39.80
nongzhanguan_aq#3,60.37,147.98,56.06
nongzhanguan_aq#4,60.16,148.54,72.61
nongzhanguan_aq#5,62.40,146.20,89.84
nongzhanguan_aq#6,63.24,146.63,103.69
nongzhanguan_aq#7,64.87,146.76,115.09
nongzhanguan_aq#8,67.51,148.76,123.20
nongzhanguan_aq#9,69.40,154.55,125.47
nongzhanguan_aq#10,74.72,158.64,122.13
nongzhanguan_aq#11,81.60,167.26,113.25
nongzhanguan_aq#12,83.35,171.65,105.72
nongzhanguan_aq#13,84.18,178.20,95.10
nongzhanguan_aq#14,85.66,177.97,82.43
nongzhanguan_aq#15,88.05,176.41,69.70
nongzhanguan_aq#16,89.19,173.63,57.13
nongzhanguan_aq#17,90.93,168.56,46.92
nongzhanguan_aq#18,92.01,163.56,41.00
nongzhanguan_aq#19,92.77,158.96,33.04
nongzhanguan_aq#20,93.09,161.50,28.62
nongzhanguan_aq#21,93.40,158.97,25.46
nongzhanguan_aq#22,92.72,157.42,25.73
nongzhanguan_aq#23,91.02,160.38,24.85
nongzhanguan_aq#24,87.33,161.85,27.58
nongzhanguan_aq#25,85.34,162.69,33.31
nongzhanguan_aq#26,82.78,166.44,45.58
nongzhanguan_aq#27,81.23,168.06,62.58
nongzhanguan_aq#28,79.34,164.72,80.83
nongzhanguan_aq#29,78.66,161.65,98.10
nongzhanguan_aq#30,76.33,163.25,111.31
nongzhanguan_aq#31,75.20,164.73,122.96
nongzhanguan_aq#32,73.82,168.05,131.45
nongzhanguan_aq#33,72.38,167.79,133.50
nongzhanguan_aq#34,70.92,169.83,129.74
nongzhanguan_aq#35,69.39,172.06,121.11
nongzhanguan_aq#36,69.10,175.51,110.51
nongzhanguan_aq#37,69.87,178.34,99.62
nongzhanguan_aq#38,70.02,178.07,86.87
nongzhanguan_aq#39,70.33,178.12,76.21
nongzhanguan_aq#40,71.76,173.58,67.88
nongzhanguan_aq#41,71.59,165.24,59.37
nongzhanguan_aq#42,71.59,161.25,49.95
nongzhanguan_aq#43,70.38,155.50,42.61
nongzhanguan_aq#44,70.87,153.78,36.60
nongzhanguan_aq#45,69.56,155.57,33.03
nongzhanguan_aq#46,69.89,153.59,32.02
nongzhanguan_aq#47,69.19,153.50,31.07
pingchang_aq#0,43.26,127.91,55.48
pingchang_aq#1,43.81,130.30,63.35
pingchang_aq#2,44.84,131.80,77.20
pingchang_aq#3,46.21,130.33,93.46
pingchang_aq#4,46.91,131.62,110.28
pingchang_aq#5,49.25,130.57,128.04
pingchang_aq#6,51.20,130.22,142.23
pingchang_aq#7,53.16,128.29,150.46
pingchang_aq#8,56.58,130.18,157.57
pingchang_aq#9,59.22,134.32,159.95
pingchang_aq#10,64.86,138.53,155.11
pingchang_aq#11,71.49,143.86,147.23
pingchang_aq#12,73.09,149.40,140.58
pingchang_aq#13,73.50,153.37,130.49
pingchang_aq#14,74.48,151.95,118.78
pingchang_aq#15,76.13,152.18,105.93
pingchang_aq#16,76.57,150.91,93.50
pingchang_aq#17,77.77,146.67,84.37
pingchang_aq#18,77.67,141.94,79.28
pingchang_aq#19,77.87,138.99,73.89
pingchang_aq#20,77.87,141.66,69.47
pingchang_aq#21,77.52,141.99,65.67
pingchang_aq#22,76.37,141.89,66.19
pingchang_aq#23,74.29,145.72,66.69
pingchang_aq#24,71.39,148.13,68.83
pingchang_aq#25,69.88,149.17,75.10
pingchang_aq#26,68.29,151.00,86.52
pingchang_aq#27,66.05,150.55,102.04
pingchang_aq#28,64.70,149.11,121.18
pingchang_aq#29,63.85,145.83,139.27
pingchang_aq#30,61.89,143.22,152.21
pingchang_aq#31,61.11,145.23,159.62
pingchang_aq#32,60.70,146.10,164.96
pingchang_aq#33,60.40,147.72,164.10
pingchang_aq#34,59.63,150.79,158.62
pingchang_aq#35,58.60,153.65,149.29
pingchang_aq#36,58.48,156.79,137.44
pingchang_aq#37,58.19,160.99,125.63
pingchang_aq#38,58.09,160.73,112.70
pingchang_aq#39,58.15,159.49,102.02
pingchang_aq#40,59.56,158.67,93.73
pingchang_aq#41,59.83,151.48,87.02
pingchang_aq#42,60.10,149.42,77.83
pingchang_aq#43,59.77,145.85,73.29
pingchang_aq#44,60.21,142.29,66.98
pingchang_aq#45,59.18,145.19,63.86
pingchang_aq#46,59.29,145.20,62.67
pingchang_aq#47,58.57,146.87,64.04
pinggu_aq#0,40.40,94.66,66.36
pinggu_aq#1,41.17,97.38,74.71
pinggu_aq#2,42.50,99.39,88.28
pinggu_aq#3,44.39,98.81,103.80
pinggu_aq#4,45.42,100.40,119.54
pinggu_aq#5,47.82,99.88,136.43
pinggu_aq#6,50.22,100.45,150.14
pinggu_aq#7,52.39,100.24,157.18
pinggu_aq#8,56.18,103.22,163.36
pinggu_aq#9,58.79,107.63,165.59
pinggu_aq#10,63.68,113.49,160.34
pinggu_aq#11,69.78,120.40,151.86
pinggu_aq#12,71.64,125.23,145.76
pinggu_aq#13,71.87,130.08,136.23
pinggu_aq#14,72.84,129.41,125.63
pinggu_aq#15,74.87,129.55,113.60
pinggu_aq#16,74.93,128.57,101.52
pinggu_aq#17,76.07,124.45,93.04
pinggu_aq#18,75.52,118.90,88.57
pinggu_aq#19,75.35,115.71,84.36
pinggu_aq#20,75.32,117.92,80.59
pinggu_aq#21,74.51,118.47,77.37
pinggu_aq#22,72.99,118.50,77.75
pinggu_aq#23,70.68,122.60,78.49
pinggu_aq#24,68.13,124.52,80.83
pinggu_aq#25,67.05,125.55,87.28
pinggu_aq#26,65.80,127.89,98.59
pinggu_aq#27,64.22,127.77,112.90
pinggu_aq#28,63.42,126.36,130.94
pinggu_aq#29,63.11,122.92,148.62
pinggu_aq#30,61.91,120.30,160.75
pinggu_aq#31,61.92,123.03,167.64
pinggu_aq#32,62.15,124.11,171.97
pinggu_aq#33,62.83,125.91,170.85
pinggu_aq#34,62.78,129.03,164.81
pinggu_aq#35,61.93,132.04,155.00
pinggu_aq#36,62.10,135.52,143.26
pinggu_aq#37,61.54,138.79,131.80
pinggu_aq#38,61.57,138.22,119.27
pinggu_aq#39,61.54,136.57,108.86
pinggu_aq#40,63.14,134.72,100.81
pinggu_aq#41,63.69,127.75,94.35
pinggu_aq#42,63.74,125.51,85.52
pinggu_aq#43,63.65,121.75,82.02
pinggu_aq#44,63.72,118.19,76.89
pinggu_aq#45,62.92,121.34,74.24
pinggu_aq#46,63.08,121.61,73.28
pinggu_aq#47,61.82,122.65,74.83
qianmen_aq#0,75.68,157.44,17.85
qianmen_aq#1,74.55,158.82,23.99
qianmen_aq#2,74.18,159.47,37.23
qianmen_aq#3,73.62,158.56,52.82
qianmen_aq#4,72.71,158.89,68.71
qianmen_aq#5,74.56,155.97,85.52
qianmen_aq#6,74.76,155.83,98.82
qianmen_aq#7,75.67,155.42,109.78
qianmen_aq#8,77.29,156.76,117.61
qianmen_aq#9,78.27,162.34,119.86
qianmen_aq#10,81.96,165.89,116.35
qianmen_aq#11,87.79,174.06,107.33
qianmen_aq#12,89.67,178.08,99.88
qianmen_aq#13,90.94,184.24,89.67
qianmen_aq#14,92.85,183.70,77.86
qianmen_aq#15,95.78,181.73,66.21
qianmen_aq#16,97.57,178.83,54.59
qianmen_aq#17,100.16,173.67,45.16
qianmen_aq#18,101.98,168.87,39.92
qianmen_aq#19,103.59,164.18,32.37
qianmen_aq#20,104.81,166.84,27.99
qianmen_aq#21,106.02,164.37,24.66
qianmen_aq#22,106.09,162.76,24.57
qianmen_aq#23,105.01,165.93,23.42
qianmen_aq#24,101.01,167.35,25.75
qianmen_aq#25,98.84,168.07,31.07
qianmen_aq#26,95.89,171.55,42.74
qianmen_aq#27,93.95,173.05,58.96
qianmen_aq#28,91.31,169.30,76.64
qianmen_aq#29,89.90,166.08,93.35
qianmen_aq#30,86.16,167.17,106.04
qianmen_aq#31,84.05,168.51,117.25
qianmen_aq#32,81.29,171.50,125.51
qianmen_aq#33,78.19,171.09,127.62
qianmen_aq#34,75.65,172.60,123.78
qianmen_aq#35,72.93,174.40,115.10
qianmen_aq#36,71.89,177.63,104.66
qianmen_aq#37,72.39,180.31,94.22
qianmen_aq#38,72.31,180.08,82.31
qianmen_aq#39,72.69,180.19,72.49
qianmen_aq#40,73.96,175.82,64.96
qianmen_aq#41,73.61,167.27,57.26
qianmen_aq#42,73.58,163.60,48.52
qianmen_aq#43,72.24,157.95,41.64
qianmen_aq#44,72.92,156.30,35.89
qianmen_aq#45,71.27,158.23,32.27
qianmen_aq#46,71.28,156.42,31.13
qianmen_aq#47,70.41,156.47,30.07
shunyi_aq#0,64.14,136.45,38.80
shunyi_aq#1,63.72,138.61,45.66
shunyi_aq#2,63.91,139.85,58.93
shunyi_aq#3,64.26,138.37,74.11
shunyi_aq#4,63.94,139.25,90.00
shunyi_aq#5,65.75,137.94,107.04
shunyi_aq#6,66.96,137.88,119.86
shunyi_aq#7,67.93,135.88,128.22
shunyi_aq#8,69.96,137.46,134.86
shunyi_aq#9,71.29,141.13,137.09
shunyi_aq#10,74.57,144.93,132.58
shunyi_aq#11,79.80,150.56,123.89
shunyi_aq#12,81.66,155.33,117.02
shunyi_aq#13,82.40,159.45,107.19
shunyi_aq#14,83.99,158.06,96.20
shunyi_aq#15,86.54,158.50,84.69
shunyi_aq#16,87.54,157.85,73.59
shunyi_aq#17,89.70,153.69,65.50
shunyi_aq#18,90.08,148.98,61.33
shunyi_aq#19,91.00,146.11,55.66
shunyi_aq#20,91.93,149.14,51.56
shunyi_aq#21,92.39,149.46,48.18
shunyi_aq#22,91.89,149.15,48.65
shunyi_aq#23,90.55,152.81,48.71
shunyi_aq#24,87.14,154.86,50.93
shunyi_aq#25,85.34,155.21,56.81
shunyi_aq#26,83.17,157.30,68.07
shunyi_aq#27,80.76,156.61,83.34
shunyi_aq#28,78.69,154.69,101.18
shunyi_aq#29,77.38,151.14,118.21
shunyi_aq#30,74.08,148.18,130.20
shunyi_aq#31,72.52,150.15,138.06
shunyi_aq#32,70.95,150.43,143.66
shunyi_aq#33,69.18,150.94,143.50
shunyi_aq#34,67.54,153.40,138.12
shunyi_aq#35,65.13,155.59,128.49
shunyi_aq#36,64.44,158.37,117.05
shunyi_aq#37,63.85,162.25,106.02
shunyi_aq#38,63.33,161.47,93.96
shunyi_aq#39,63.36,160.38,84.19
shunyi_aq#40,64.71,159.39,76.86
shunyi_aq#41,64.52,152.11,70.49
shunyi_aq#42,64.29,150.23,62.42
shunyi_aq#43,63.72,146.44,57.82
shunyi_aq#44,64.05,142.51,52.57
shunyi_aq#45,62.44,146.13,49.89
shunyi_aq#46,62.16,145.78,49.24
shunyi_aq#47,60.74,146.37,49.78
tiantan_aq#0,55.04,145.07,17.66
tiantan_aq#1,54.68,146.74,23.83
tiantan_aq#2,55.14,147.55,37.10
tiantan_aq#3,55.66,146.83,52.72
tiantan_aq#4,55.92,146.68,68.61
tiantan_aq#5,58.54,143.64,85.40
tiantan_aq#6,59.86,143.64,98.70
tiantan_aq#7,62.05,143.77,109.63
tiantan_aq#8,65.37,145.56,117.42
tiantan_aq#9,67.96,150.89,119.57
tiantan_aq#10,74.61,155.18,115.91
tiantan_aq#11,82.71,164.04,106.72
tiantan_aq#12,84.76,167.79,99.19
tiantan_aq#13,85.80,174.29,88.96
tiantan_aq#14,87.56,173.98,77.16
tiantan_aq#15,90.25,172.05,65.57
tiantan_aq#16,91.54,169.46,54.02
tiantan_aq#17,93.62,164.66,44.64
tiantan_aq#18,95.06,159.82,39.50
tiantan_aq#19,96.13,155.95,32.03
tiantan_aq#20,96.76,159.40,27.69
tiantan_aq#21,97.31,157.96,24.37
tiantan_aq#22,96.98,157.40,24.26
tiantan_aq#23,95.52,161.36,23.11
tiantan_aq#24,91.87,163.22,25.47
tiantan_aq#25,89.92,163.97,30.80
tiantan_aq#26,87.32,167.76,42.48
tiantan_aq#27,85.61,169.16,58.72
tiantan_aq#28,83.39,165.45,76.41
tiantan_aq#29,82.30,161.90,93.09
tiantan_aq#30,79.46,162.78,105.78
tiantan_aq#31,77.83,164.37,117.00
tiantan_aq#32,75.66,167.18,125.24
tiantan_aq#33,73.54,166.53,127.30
tiantan_aq#34,71.49,168.46,123.34
tiantan_aq#35,69.47,170.46,114.53
tiantan_aq#36,68.69,173.46,104.00
tiantan_aq#37,69.19,175.77,93.54
tiantan_aq#38,69.30,174.76,81.67
tiantan_aq#39,69.47,174.19,71.89
tiantan_aq#40,70.73,169.14,64.40
tiantan_aq#41,70.55,160.37,56.75
tiantan_aq#42,70.55,156.34,48.08
tiantan_aq#43,69.20,150.88,41.24
tiantan_aq#44,69.58,149.48,35.55
tiantan_aq#45,68.40,152.32,31.94
tiantan_aq#46,68.61,151.09,30.81
tiantan_aq#47,67.94,151.07,29.76
tongzhou_aq#0,79.43,177.27,38.37
tongzhou_aq#1,78.42,176.91,45.65
tongzhou_aq#2,78.06,175.89,59.23
tongzhou_aq#3,77.75,172.76,75.19
tongzhou_aq#4,76.62,172.22,91.17
tongzhou_aq#5,77.88,168.34,108.52
tongzhou_aq#6,78.30,166.39,122.32
tongzhou_aq#7,78.38,162.18,131.57
tongzhou_aq#8,79.34,161.57,138.85
tongzhou_aq#9,79.41,165.59,140.68
tongzhou_aq#10,80.35,168.64,134.62
tongzhou_aq#11,84.00,174.86,123.96
tongzhou_aq#12,85.82,179.16,115.79
tongzhou_aq#13,86.68,183.43,105.36
tongzhou_aq#14,88.54,181.51,93.77
tongzhou_aq#15,91.55,181.07,82.10
tongzhou_aq#16,93.07,179.39,70.41
tongzhou_aq#17,95.80,174.30,61.45
tongzhou_aq#18,96.57,167.46,57.68
tongzhou_aq#19,98.01,162.93,52.54
tongzhou_aq#20,99.71,164.29,48.70
tongzhou_aq#21,100.96,164.22,45.47
tongzhou_aq#22,101.23,163.22,45.92
tongzhou_aq#23,100.60,167.10,46.37
tongzhou_aq#24,97.54,168.60,48.76
tongzhou_aq#25,96.17,169.34,54.57
tongzhou_aq#26,94.08,171.15,65.91
tongzhou_aq#27,92.07,171.01,81.31
tongzhou_aq#28,90.21,168.79,99.71
tongzhou_aq#29,89.03,164.27,116.73
tongzhou_aq#30,85.57,161.36,129.51
tongzhou_aq#31,84.10,164.31,138.72
tongzhou_aq#32,82.48,164.61,145.42
tongzhou_aq#33,80.47,165.14,145.58
tongzhou_aq#34,78.78,168.16,139.36
tongzhou_aq#35,76.05,171.55,128.41
tongzhou_aq#36,75.36,174.97,115.93
tongzhou_aq#37,74.76,180.23,104.50
tongzhou_aq#38,74.18,179.95,92.01
tongzhou_aq#39,74.29,179.78,82.13
tongzhou_aq#40,75.69,178.47,74.37
tongzhou_aq#41,75.19,170.26,67.40
tongzhou_aq#42,74.73,167.42,58.87
tongzhou_aq#43,73.97,162.36,54.10
tongzhou_aq#44,74.18,157.47,49.16
tongzhou_aq#45,72.10,160.40,46.30
tongzhou_aq#46,71.58,159.13,45.58
tongzhou_aq#47,69.83,159.03,46.39
wanliu_aq#0,51.21,150.40,22.45
wanliu_aq#1,50.93,151.64,28.86
wanliu_aq#2,51.52,151.70,42.42
wanliu_aq#3,52.20,149.64,58.14
wanliu_aq#4,52.76,149.54,74.90
wanliu_aq#5,55.73,147.00,92.80
wanliu_aq#6,57.54,146.86,106.72
wanliu_aq#7,60.14,146.47,117.86
wanliu_aq#8,63.95,148.10,125.89
wanliu_aq#9,67.28,154.02,128.75
wanliu_aq#10,75.36,158.30,125.73
wanliu_aq#11,84.73,165.95,117.04
wanliu_aq#12,87.00,170.92,109.88
wanliu_aq#13,88.11,176.12,99.46
wanliu_aq#14,90.07,176.13,86.68
wanliu_aq#15,92.89,173.85,73.51
wanliu_aq#16,94.16,171.64,60.41
wanliu_aq#17,96.39,166.07,50.06
wanliu_aq#18,97.76,161.33,44.27
wanliu_aq#19,98.87,156.83,36.30
wanliu_aq#20,99.49,158.97,31.94
wanliu_aq#21,100.01,156.26,29.12
wanliu_aq#22,99.62,154.71,30.02
wanliu_aq#23,98.16,157.19,29.64
wanliu_aq#24,94.12,158.18,32.44
wanliu_aq#25,91.77,158.05,38.19
wanliu_aq#26,88.91,160.48,50.32
wanliu_aq#27,86.64,160.83,67.01
wanliu_aq#28,83.89,156.66,85.33
wanliu_aq#29,82.34,153.43,103.17
wanliu_aq#30,78.83,153.72,116.45
wanliu_aq#31,76.63,154.87,127.65
wanliu_aq#32,73.89,157.45,135.64
wanliu_aq#33,71.22,157.57,137.45
wanliu_aq#34,68.69,159.21,133.52
wanliu_aq#35,66.17,161.24,124.62
wanliu_aq#36,65.05,164.69,114.00
wanliu_aq#37,65.22,167.03,103.12
wanliu_aq#38,65.03,166.21,89.79
wanliu_aq#39,65.02,165.68,78.73
wanliu_aq#40,66.12,161.40,69.82
wanliu_aq#41,65.74,152.83,60.87
wanliu_aq#42,65.59,149.94,51.56
wanliu_aq#43,64.14,144.20,44.81
wanliu_aq#44,64.41,141.82,39.23
wanliu_aq#45,63.14,143.90,36.40
wanliu_aq#46,63.15,141.88,35.81
wanliu_aq#47,62.38,141.75,35.01
wanshouxigong_aq#0,79.49,143.63,17.25
wanshouxigong_aq#1,78.22,146.44,23.49
wanshouxigong_aq#2,77.71,148.31,36.85
wanshouxigong_aq#3,76.95,148.90,52.63
wanshouxigong_aq#4,75.82,150.51,68.61
wanshouxigong_aq#5,77.51,149.02,85.44
wanshouxigong_aq#6,77.47,149.89,98.87
wanshouxigong_aq#7,78.13,150.34,109.97
wanshouxigong_aq#8,79.43,152.62,117.87
wanshouxigong_aq#9,80.04,159.18,119.99
wanshouxigong_aq#10,83.08,163.56,116.27
wanshouxigong_aq#11,88.37,172.21,106.98
wanshouxigong_aq#12,90.22,177.05,99.32
wanshouxigong_aq#13,91.54,183.54,88.99
wanshouxigong_aq#14,93.45,183.06,77.04
wanshouxigong_aq#15,96.41,181.67,65.32
wanshouxigong_aq#16,98.24,178.81,53.66
wanshouxigong_aq#17,100.87,173.67,44.15
wanshouxigong_aq#18,102.74,168.63,38.92
wanshouxigong_aq#19,104.39,163.53,31.41
wanshouxigong_aq#20,105.64,165.76,27.03
wanshouxigong_aq#21,106.88,162.96,23.69
wanshouxigong_aq#22,106.93,161.08,23.60
wanshouxigong_aq#23,105.81,163.91,22.47
wanshouxigong_aq#24,101.73,165.39,24.88
wanshouxigong_aq#25,99.50,166.40,30.24
wanshouxigong_aq#26,96.48,170.37,41.98
wanshouxigong_aq#27,94.55,172.39,58.34
wanshouxigong_aq#28,91.88,169.46,76.12
wanshouxigong_aq#29,90.46,166.86,92.82
wanshouxigong_aq#30,86.66,168.52,105.61
wanshouxigong_aq#31,84.54,170.02,117.03
wanshouxigong_aq#32,81.75,173.31,125.44
wanshouxigong_aq#33,78.55,173.33,127.57
wanshouxigong_aq#34,75.99,175.39,123.64
wanshouxigong_aq#35,73.23,177.54,114.80
wanshouxigong_aq#36,72.20,180.96,104.21
wanshouxigong_aq#37,72.75,183.71,93.68
wanshouxigong_aq#38,72.67,183.34,81.68
wanshouxigong_aq#39,73.10,183.36,71.81
wanshouxigong_aq#40,74.38,178.98,64.27
wanshouxigong_aq#41,74.03,170.51,56.52
wanshouxigong_aq#42,74.00,166.36,47.73
wanshouxigong_aq#43,72.66,160.52,40.76
wanshouxigong_aq#44,73.41,158.36,34.98
wanshouxigong_aq#45,71.71,159.89,31.31
wanshouxigong_aq#46,71.74,157.90,30.19
wanshouxigong_aq#47,70.86,157.93,29.21
xizhimenbei_aq#0,105.61,166.65,21.72
xizhimenbei_aq#1,104.93,166.87,28.00
xizhimenbei_aq#2,105.15,166.08,41.50
xizhimenbei_aq#3,104.53,163.75,57.23
xizhimenbei_aq#4,103.94,163.51,73.99
xizhimenbei_aq#5,105.97,160.24,91.90
xizhimenbei_aq#6,106.34,159.19,105.89
xizhimenbei_aq#7,107.63,157.74,117.18
xizhimenbei_aq#8,109.33,157.82,125.33
xizhimenbei_aq#9,110.75,163.50,128.24
xizhimenbei_aq#10,115.37,166.15,125.18
xizhimenbei_aq#11,121.35,172.44,116.42
xizhimenbei_aq#12,122.34,176.01,109.27
xizhimenbei_aq#13,122.51,180.06,98.86
xizhimenbei_aq#14,123.21,178.85,86.08
xizhimenbei_aq#15,123.86,176.37,72.96
xizhimenbei_aq#16,123.15,173.80,59.87
xizhimenbei_aq#17,123.60,168.56,49.51
xizhimenbei_aq#18,122.33,163.77,43.79
xizhimenbei_aq#19,118.21,158.83,35.87
xizhimenbei_aq#20,115.23,160.33,31.55
xizhimenbei_aq#21,114.55,157.36,28.71
xizhimenbei_aq#22,113.31,155.28,29.58
xizhimenbei_aq#23,111.44,157.14,29.11
xizhimenbei_aq#24,107.06,157.38,31.84
xizhimenbei_aq#25,104.29,157.04,37.54
xizhimenbei_aq#26,101.17,159.01,49.68
xizhimenbei_aq#27,98.91,160.01,66.41
xizhimenbei_aq#28,95.61,155.91,84.78
xizhimenbei_aq#29,94.08,152.72,102.58
xizhimenbei_aq#30,89.23,153.46,115.90
xizhimenbei_aq#31,86.56,154.77,127.19
xizhimenbei_aq#32,82.79,157.20,135.30
xizhimenbei_aq#33,78.72,157.27,137.17
xizhimenbei_aq#34,75.44,158.60,133.20
xizhimenbei_aq#35,71.75,160.39,124.23
xizhimenbei_aq#36,70.03,163.47,113.57
xizhimenbei_aq#37,69.76,165.96,102.69
xizhimenbei_aq#38,69.51,165.57,89.36
xizhimenbei_aq#39,69.34,165.94,78.29
xizhimenbei_aq#40,70.12,162.32,69.38
xizhimenbei_aq#41,69.33,154.91,60.42
xizhimenbei_aq#42,68.77,152.34,51.12
xizhimenbei_aq#43,67.51,147.10,44.41
xizhimenbei_aq#44,68.42,144.88,38.87
xizhimenbei_aq#45,66.47,146.79,36.03
xizhimenbei_aq#46,66.53,144.56,35.41
xizhimenbei_aq#47,65.42,143.98,34.54
yanqin_aq#0,53.17,154.94,54.43
yanqin_aq#1,52.49,155.57,60.56
yanqin_aq#2,52.44,154.54,73.68
yanqin_aq#3,52.22,149.44,87.12
yanqin_aq#4,51.91,147.22,102.73
yanqin_aq#5,53.91,142.81,119.51
yanqin_aq#6,54.52,140.70,131.68
yanqin_aq#7,55.98,137.45,138.25
yanqin_aq#8,57.99,137.36,143.17
yanqin_aq#9,59.97,141.13,144.69
yanqin_aq#10,66.01,143.05,141.74
yanqin_aq#11,72.80,147.56,134.66
yanqin_aq#12,74.26,151.24,128.68
yanqin_aq#13,75.19,153.38,120.80
yanqin_aq#14,76.41,150.67,110.89
yanqin_aq#15,78.03,147.84,99.80
yanqin_aq#16,78.80,144.06,88.75
yanqin_aq#17,79.96,136.51,80.58
yanqin_aq#18,80.94,130.03,75.38
yanqin_aq#19,81.50,125.21,68.41
yanqin_aq#20,81.10,127.29,63.49
yanqin_aq#21,80.96,125.46,60.68
yanqin_aq#22,79.76,125.76,61.41
yanqin_aq#23,77.79,127.92,61.28
yanqin_aq#24,73.32,130.21,62.99
yanqin_aq#25,70.30,130.45,68.75
yanqin_aq#26,67.26,131.45,79.90
yanqin_aq#27,64.75,130.49,94.67
yanqin_aq#28,62.02,125.41,110.90
yanqin_aq#29,60.76,120.49,128.28
yanqin_aq#30,57.77,119.96,139.72
yanqin_aq#31,55.59,120.02,147.69
yanqin_aq#32,53.44,121.82,151.42
yanqin_aq#33,50.87,122.51,151.23
yanqin_aq#34,48.80,125.01,146.50
yanqin_aq#35,47.09,127.72,138.28
yanqin_aq#36,46.44,131.13,129.04
yanqin_aq#37,47.46,134.41,119.38
yanqin_aq#38,47.32,133.75,108.96
yanqin_aq#39,47.61,132.50,99.78
yanqin_aq#40,48.77,128.67,92.02
yanqin_aq#41,48.58,121.56,85.88
yanqin_aq#42,48.74,118.98,78.41
yanqin_aq#43,47.68,113.83,73.34
yanqin_aq#44,48.68,111.87,69.28
yanqin_aq#45,47.77,116.16,66.37
yanqin_aq#46,48.43,115.83,65.41
yanqin_aq#47,48.28,117.05,64.20
yizhuang_aq#0,68.23,119.32,16.69
yizhuang_aq#1,67.52,123.28,23.56
yizhuang_aq#2,67.59,126.12,38.01
yizhuang_aq#3,67.65,127.76,55.25
yizhuang_aq#4,67.02,129.92,72.26
yizhuang_aq#5,68.99,129.85,89.61
yizhuang_aq#6,69.40,131.60,104.33
yizhuang_aq#7,70.61,134.22,116.78
yizhuang_aq#8,72.79,138.32,125.59
yizhuang_aq#9,74.14,145.25,127.24
yizhuang_aq#10,78.42,151.01,122.86
yizhuang_aq#11,84.44,160.13,112.77
yizhuang_aq#12,85.94,165.59,104.31
yizhuang_aq#13,86.70,172.32,93.10
yizhuang_aq#14,87.95,172.88,79.80
yizhuang_aq#15,90.12,170.88,66.77
yizhuang_aq#16,91.28,168.49,53.95
yizhuang_aq#17,92.90,164.04,44.88
yizhuang_aq#18,93.87,161.08,39.94
yizhuang_aq#19,94.54,156.97,32.89
yizhuang_aq#20,94.71,160.29,29.03
yizhuang_aq#21,94.97,157.53,26.09
yizhuang_aq#22,94.10,155.78,26.31
yizhuang_aq#23,92.13,158.89,25.56
yizhuang_aq#24,88.29,160.38,28.70
yizhuang_aq#25,86.26,160.81,34.65
yizhuang_aq#26,83.61,165.09,47.64
yizhuang_aq#27,82.11,166.86,65.62
yizhuang_aq#28,80.31,163.70,84.70
yizhuang_aq#29,79.74,162.28,102.08
yizhuang_aq#30,77.49,164.31,116.11
yizhuang_aq#31,76.57,165.60,129.11
yizhuang_aq#32,75.56,169.63,138.65
yizhuang_aq#33,74.38,170.21,140.41
yizhuang_aq#34,73.13,172.01,135.90
yizhuang_aq#35,71.82,173.49,126.24
yizhuang_aq#36,71.73,177.09,114.66
yizhuang_aq#37,72.69,178.40,103.00
yizhuang_aq#38,72.92,177.74,89.63
yizhuang_aq#39,73.40,177.21,78.44
yizhuang_aq#40,74.92,172.59,69.71
yizhuang_aq#41,74.82,164.18,60.86
yizhuang_aq#42,74.96,160.61,50.83
yizhuang_aq#43,73.78,155.40,43.00
yizhuang_aq#44,74.47,154.39,36.93
yizhuang_aq#45,72.99,155.85,32.76
yizhuang_aq#46,73.37,154.41,31.41
yizhuang_aq#47,72.77,155.02,30.35
yongdingmennei_aq#0,71.18,158.84,17.42
yongdingmennei_aq#1,70.21,159.93,23.62
yongdingmennei_aq#2,70.03,160.30,36.94
yongdingmennei_aq#3,69.71,159.22,52.65
yongdingmennei_aq#4,69.08,159.20,68.58
yongdingmennei_aq#5,71.12,155.91,85.39
yongdingmennei_aq#6,71.59,155.51,98.75
yongdingmennei_aq#7,72.81,155.09,109.76
yongdingmennei_aq#8,74.85,156.25,117.60
yongdingmennei_aq#9,76.21,161.56,119.72
yongdingmennei_aq#10,80.62,165.03,116.01
yongdingmennei_aq#11,87.04,173.19,106.74
yongdingmennei_aq#12,88.99,176.77,99.13
yongdingmennei_aq#13,90.24,182.88,88.85
yongdingmennei_aq#14,92.17,182.29,76.98
yongdingmennei_aq#15,95.11,180.16,65.34
yongdingmennei_aq#16,96.84,177.43,53.74
yongdingmennei_aq#17,99.39,172.62,44.30
yongdingmennei_aq#18,101.21,168.21,39.13
yongdingmennei_aq#19,102.77,163.98,31.66
yongdingmennei_aq#20,103.95,167.13,27.31
yongdingmennei_aq#21,105.09,165.15,23.98
yongdingmennei_aq#22,105.18,163.86,23.88
yongdingmennei_aq#23,104.09,167.39,22.74
yongdingmennei_aq#24,100.20,168.87,25.12
yongdingmennei_aq#25,98.12,169.41,30.47
yongdingmennei_aq#26,95.26,172.90,42.19
yongdingmennei_aq#27,93.36,174.30,58.49
yongdingmennei_aq#28,90.79,170.38,76.22
yongdingmennei_aq#29,89.40,167.06,92.90
yongdingmennei_aq#30,85.79,167.95,105.64
yongdingmennei_aq#31,83.73,169.42,116.96
yongdingmennei_aq#32,81.00,172.30,125.29
yongdingmennei_aq#33,78.02,171.74,127.38
yongdingmennei_aq#34,75.51,173.10,123.41
yongdingmennei_aq#35,72.87,174.69,114.56
yongdingmennei_aq#36,71.82,177.77,103.99
yongdingmennei_aq#37,72.28,180.22,93.50
yongdingmennei_aq#38,72.23,179.81,81.56
yongdingmennei_aq#39,72.55,179.86,71.74
yongdingmennei_aq#40,73.81,175.48,64.24
yongdingmennei_aq#41,73.48,166.94,56.54
yongdingmennei_aq#42,73.45,163.48,47.81
yongdingmennei_aq#43,72.08,158.13,40.92
yongdingmennei_aq#44,72.68,156.79,35.20
yongdingmennei_aq#45,71.12,159.13,31.56
yongdingmennei_aq#46,71.14,157.58,30.44
yongdingmennei_aq#47,70.30,157.59,29.42
yongledian_aq#0,80.59,153.72,26.84
yongledian_aq#1,79.52,153.94,37.28
yongledian_aq#2,79.15,154.07,54.14
yongledian_aq#3,78.79,153.52,72.82
yongledian_aq#4,77.70,152.94,91.83
yongledian_aq#5,79.06,149.79,111.17
yongledian_aq#6,78.88,149.16,128.01
yongledian_aq#7,79.28,149.44,141.32
yongledian_aq#8,80.12,150.99,150.39
yongledian_aq#9,80.12,155.53,152.16
yongledian_aq#10,81.79,158.80,147.05
yongledian_aq#11,85.44,166.77,136.35
yongledian_aq#12,86.59,169.23,126.97
yongledian_aq#13,87.26,174.71,115.75
yongledian_aq#14,88.25,173.78,101.83
yongledian_aq#15,90.12,170.17,88.02
yongledian_aq#16,90.93,166.00,73.88
yongledian_aq#17,92.42,160.54,60.11
yongledian_aq#18,92.90,156.03,53.05
yongledian_aq#19,93.31,150.22,44.64
yongledian_aq#20,93.09,151.99,39.79
yongledian_aq#21,92.95,148.56,35.51
yongledian_aq#22,91.42,145.66,35.58
yongledian_aq#23,89.21,148.36,34.66
yongledian_aq#24,84.63,148.30,37.34
yongledian_aq#25,82.05,148.15,42.77
yongledian_aq#26,78.80,151.56,56.08
yongledian_aq#27,76.86,153.59,73.81
yongledian_aq#28,74.32,149.06,92.89
yongledian_aq#29,73.19,146.72,110.71
yongledian_aq#30,69.99,148.77,125.08
yongledian_aq#31,68.53,150.50,139.05
yongledian_aq#32,66.78,154.53,147.83
yongledian_aq#33,64.59,154.82,148.72
yongledian_aq#34,63.00,156.76,143.00
yongledian_aq#35,61.07,158.41,132.16
yongledian_aq#36,60.59,162.42,119.88
yongledian_aq#37,61.34,164.41,107.57
yongledian_aq#38,61.26,165.44,93.16
yongledian_aq#39,61.77,166.48,80.99
yongledian_aq#40,63.21,162.33,71.45
yongledian_aq#41,63.03,155.55,61.26
yongledian_aq#42,62.94,151.50,51.12
yongledian_aq#43,61.89,146.22,44.33
yongledian_aq#44,62.64,146.03,38.94
yongledian_aq#45,61.00,147.15,34.62
yongledian_aq#46,61.17,145.83,33.49
yongledian_aq#47,60.26,145.73,32.72
yufa_aq#0,90.11,144.72,19.68
yufa_aq#1,89.04,147.11,30.48
yufa_aq#2,88.74,148.85,47.46
yufa_aq#3,88.18,150.20,67.34
yufa_aq#4,86.79,151.65,86.81
yufa_aq#5,88.29,149.92,105.84
yufa_aq#6,87.78,150.10,122.34
yufa_aq#7,88.18,151.86,135.38
yufa_aq#8,89.30,154.35,143.88
yufa_aq#9,89.44,160.69,144.90
yufa_aq#10,91.46,165.11,138.96
yufa_aq#11,95.61,173.75,127.04
yufa_aq#12,96.69,177.60,116.82
yufa_aq#13,97.41,184.03,105.16
yufa_aq#14,98.38,183.94,91.75
yufa_aq#15,100.19,180.85,78.56
yufa_aq#16,101.27,177.82,65.00
yufa_aq#17,102.69,173.88,52.36
yufa_aq#18,103.31,171.64,45.68
yufa_aq#19,103.14,167.32,37.79
yufa_aq#20,102.69,170.84,33.45
yufa_aq#21,102.91,168.25,29.59
yufa_aq#22,101.75,166.12,29.65
yufa_aq#23,99.51,169.91,29.02
yufa_aq#24,95.39,171.06,32.28
yufa_aq#25,93.22,171.43,38.04
yufa_aq#26,90.33,175.84,51.60
yufa_aq#27,88.89,178.37,69.96
yufa_aq#28,86.97,174.67,89.76
yufa_aq#29,86.40,173.35,107.40
yufa_aq#30,83.77,175.52,121.44
yufa_aq#31,82.93,177.09,135.05
yufa_aq#32,81.86,181.22,143.96
yufa_aq#33,80.40,181.57,144.56
yufa_aq#34,79.09,182.62,138.62
yufa_aq#35,77.62,183.46,127.16
yufa_aq#36,77.58,186.94,114.02
yufa_aq#37,78.63,188.06,101.57
yufa_aq#38,78.93,188.08,87.55
yufa_aq#39,79.57,188.51,75.54
yufa_aq#40,81.05,184.17,66.51
yufa_aq#41,80.85,175.95,56.26
yufa_aq#42,80.95,172.58,45.79
yufa_aq#43,79.73,167.76,38.43
yufa_aq#44,80.68,167.74,32.61
yufa_aq#45,78.72,168.99,28.19
yufa_aq#46,78.97,167.81,27.21
yufa_aq#47,78.32,168.48,27.13
yungang_aq#0,43.10,50.26,13.57
yungang_aq#1,43.44,55.99,20.08
yungang_aq#2,44.38,60.55,33.59
yungang_aq#3,45.49,63.99,50.28
yungang_aq#4,46.19,68.87,66.76
yungang_aq#5,48.63,71.03,83.99
yungang_aq#6,49.99,73.99,98.09
yungang_aq#7,52.27,78.58,109.70
yungang_aq#8,55.90,83.84,117.57
yungang_aq#9,58.34,91.73,119.04
yungang_aq#10,64.36,99.13,114.32
yungang_aq#11,71.32,108.37,103.53
yungang_aq#12,73.12,113.61,94.42
yungang_aq#13,73.99,120.88,83.22
yungang_aq#14,75.15,122.35,70.52
yungang_aq#15,77.19,121.90,58.61
yungang_aq#16,77.95,120.97,46.58
yungang_aq#17,79.19,118.55,36.45
yungang_aq#18,80.18,115.54,31.45
yungang_aq#19,80.59,112.72,24.28
yungang_aq#20,80.48,115.57,20.23
yungang_aq#21,80.38,114.26,17.25
yungang_aq#22,79.41,113.74,17.33
yungang_aq#23,77.28,117.36,16.89
yungang_aq#24,74.56,119.89,19.83
yungang_aq#25,73.28,122.22,25.35
yungang_aq#26,71.50,127.76,36.99
yungang_aq#27,70.48,131.01,53.75
yungang_aq#28,69.42,131.21,72.29
yungang_aq#29,69.10,130.73,89.06
yungang_aq#30,68.03,133.74,102.34
yungang_aq#31,67.56,136.73,114.68
yungang_aq#32,66.83,141.38,123.65
yungang_aq#33,66.35,143.58,125.92
yungang_aq#34,65.56,145.58,121.51
yungang_aq#35,65.00,147.81,111.78
yungang_aq#36,64.96,151.72,100.16
yungang_aq#37,65.78,152.77,88.93
yungang_aq#38,66.39,151.94,76.39
yungang_aq#39,66.60,150.95,66.09
yungang_aq#40,67.88,146.56,58.25
yungang_aq#41,68.20,139.06,49.98
yungang_aq#42,68.49,136.69,40.92
yungang_aq#43,67.42,132.38,33.57
yungang_aq#44,67.84,130.84,27.94
yungang_aq#45,67.22,131.84,24.02
yungang_aq#46,67.94,130.37,23.34
yungang_aq#47,67.77,131.26,23.03
zhiwuyuan_aq#0,10.37,32.45,22.55
zhiwuyuan_aq#1,10.92,37.59,30.15
zhiwuyuan_aq#2,11.33,41.40,43.44
zhiwuyuan_aq#3,11.68,43.17,57.18
zhiwuyuan_aq#4,12.38,47.18,70.85
zhiwuyuan_aq#5,13.09,48.72,86.08
zhiwuyuan_aq#6,13.73,51.16,97.10
zhiwuyuan_aq#7,14.50,54.75,104.77
zhiwuyuan_aq#8,15.73,59.23,108.89
zhiwuyuan_aq#9,16.34,65.92,108.86
zhiwuyuan_aq#10,17.52,72.94,103.39
zhiwuyuan_aq#11,18.54,81.05,93.66
zhiwuyuan_aq#12,19.48,85.56,87.02
zhiwuyuan_aq#13,20.62,91.96,77.91
zhiwuyuan_aq#14,21.77,93.32,67.96
zhiwuyuan_aq#15,23.20,93.76,57.96
zhiwuyuan_aq#16,24.35,93.81,48.64
zhiwuyuan_aq#17,25.08,91.55,41.21
zhiwuyuan_aq#18,26.73,87.67,37.45
zhiwuyuan_aq#19,27.96,85.64,31.27
zhiwuyuan_aq#20,29.40,88.23,27.88
zhiwuyuan_aq#21,30.53,87.94,25.38
zhiwuyuan_aq#22,31.57,88.54,25.58
zhiwuyuan_aq#23,32.61,91.89,25.19
zhiwuyuan_aq#24,33.21,94.52,29.07
zhiwuyuan_aq#25,33.83,96.77,35.74
zhiwuyuan_aq#26,34.83,101.34,47.62
zhiwuyuan_aq#27,34.68,103.57,62.37
zhiwuyuan_aq#28,35.14,103.75,78.46
zhiwuyuan_aq#29,35.36,101.98,93.70
zhiwuyuan_aq#30,35.60,103.59,105.39
zhiwuyuan_aq#31,35.15,106.43,113.81
zhiwuyuan_aq#32,34.76,109.87,118.92
zhiwuyuan_aq#33,33.98,111.97,118.41
zhiwuyuan_aq#34,34.06,113.89,112.89
zhiwuyuan_aq#35,33.63,116.48,103.32
zhiwuyuan_aq#36,33.41,120.23,92.71
zhiwuyuan_aq#37,33.46,121.60,83.21
zhiwuyuan_aq#38,33.67,120.60,72.75
zhiwuyuan_aq#39,33.94,119.20,63.83
zhiwuyuan_aq#40,34.60,115.26,57.09
zhiwuyuan_aq#41,35.43,108.82,51.45
zhiwuyuan_aq#42,35.75,107.54,44.85
zhiwuyuan_aq#43,36.34,103.79,40.30
zhiwuyuan_aq#44,36.99,101.67,36.31
zhiwuyuan_aq#45,37.90,103.83,33.82
zhiwuyuan_aq#46,38.29,102.74,33.15
zhiwuyuan_aq#47,38.19,103.35,32.72
